Cap waktu,Nama/inisial,Nomor Induk Mahasiswa (NIM) ,Angkatan,Jenis Kelamin,  Berapa rata-rata durasi Anda menggunakan media sosial dalam sehari?  ,Seberapa sering Anda membuka media sosial dalam satu hari? ,Pada waktu kapan Anda paling sering mengakses media sosial? ,Platform media sosial apa yang paling sering Anda gunakan? ,Apakah Anda sering mengecek notifikasi media sosial saat sedang belajar/mengerjakan tugas?  ,Saya sering menunda waktu untuk mulai mengerjakan tugas kuliah.  ,Saya merasa malas jika harus mengerjakan tugas yang menurut saya sulit.  ,Saya sering terlambat mengumpulkan tugas karena manajemen waktu yang buruk.  ,"Saya sering membuat rencana belajar, tetapi gagal melaksanakannya.  ",Saya sering berhenti mengerjakan tugas di tengah jalan untuk melakukan aktivitas lain yang tidak berkaitan dengan tugas akademik. ,Saya butuh waktu lama untuk mengumpulkan niat sebelum mulai belajar.  ,Saya lebih memilih mengakses media sosial daripada mengerjakan tugas. ,"Saya sering merasa bersalah setelah menunda tugas, tetapi tetap mengulangi kebiasaan tersebut. ",Saya mengalihkan perhatian pada aktivitas hiburan digital ketika merasa bosan atau mengalami kesulitan saat mengerjakan tugas. ,Saya sering menunda mengerjakan tugas karena merasa masih memiliki banyak waktu sebelum batas pengumpulan tugas. ,Skor,Target
2026/06/26 10:58:30 AM GMT+7,Hanif ,2230511011,2022,Laki - Laki,c. 3 - 5 Jam,d. (> 20 kali / Hampir setiap saat),c. Malam hari (Sebelum tidur),b. TikTok,a. Tidak Pernah,3,3,3.0,3,3,4,3,3,3,3,31.0,Tinggi
2026/06/26 11:00:22 AM GMT+7,Andi ,2230511024,2022,Laki - Laki,b. 1-3 jam,a. (< 5 kali),c. Malam hari (Sebelum tidur),c. Twitter (X),a. Tidak Pernah,1,3,3.0,3,2,1,3,2,2,3,23.0,Sedang
2026/06/26 1:34:39 PM GMT+7,Fitria,2330511022,2023,Perempuan,b. 1-3 jam,c. (11 - 20 kali),c. Malam hari (Sebelum tidur),a. Instagram,b. Jarang,2,3,4.0,3,2,3,2,2,3,3,27.0,Sedang
2026/06/26 1:36:19 PM GMT+7,Agus,2230511023,2022,Laki - Laki,c. 3 - 5 Jam,d. (> 20 kali / Hampir setiap saat),c. Malam hari (Sebelum tidur),b. TikTok,b. Jarang,4,4,4.0,4,4,4,4,4,4,4,40.0,Tinggi
2026/06/26 1:37:30 PM GMT+7,Andi,2030311023,2020,Laki - Laki,b. 1-3 jam,b. (5 - 10 kali),b. Siang hari (Istirahat kuliah),d. YouTube,d. Selalu,1,2,3.0,4,3,2,1,2,3,4,25.0,Sedang
2026/06/27 12:44:42 AM GMT+7,Heri,2330511026,2023,Laki - Laki,a. < 1 jam,b. (5 - 10 kali),c. Malam hari (Sebelum tidur),c. Twitter (X),a. Tidak Pernah,2,3,3.0,2,4,1,4,3,2,2,26.0,Sedang
2026/06/27 12:46:51 AM GMT+7,Rizky Pratama,2330511077,2023,Laki - Laki,b. 1-3 jam,b. (5 - 10 kali),c. Malam hari (Sebelum tidur),e. WhatsApp,a. Tidak Pernah,2,3,1.0,2,2,1,2,2,3,3,21.0,Sedang
2026/06/27 12:46:51 AM GMT+7,Fani,2130511020,2021,Perempuan,a. < 1 jam,c. (11 - 20 kali),b. Siang hari (Istirahat kuliah),d. YouTube,c. Sering,2,3,3.0,2,3,1,4,4,1,2,25.0,Sedang
2026/06/27 12:47:53 AM GMT+7,Surya,2030511036,2020,Laki - Laki,c. 3 - 5 Jam,c. (11 - 20 kali),b. Siang hari (Istirahat kuliah),c. Twitter (X),a. Tidak Pernah,1,3,4.0,2,1,3,2,4,4,3,27.0,Sedang
2026/06/27 2:50:48 AM GMT+7,Isan,2230511027,2022,Laki - Laki,d. > 5 Jam,a. (< 5 kali),b. Siang hari (Istirahat kuliah),a. Instagram,b. Jarang,2,2,1.0,4,2,1,1,4,4,1,22.0,Sedang
2026/06/27 2:51:58 AM GMT+7,rafi m,2130765111,2021,Laki - Laki,d. > 5 Jam,c. (11 - 20 kali),c. Malam hari (Sebelum tidur),a. Instagram,b. Jarang,1,4,4.0,4,2,2,1,1,4,4,27.0,Sedang
2026/06/27 2:53:15 AM GMT+7,riyan ferdi,23307565112,2023,Laki - Laki,d. > 5 Jam,a. (< 5 kali),d. Tengah malam (Begadang),a. Instagram,c. Sering,2,2,2.0,1,1,2,2,1,4,4,21.0,Sedang
2026/06/27 2:56:49 AM GMT+7,novita tri,2230511028,2022,Perempuan,a. < 1 jam,c. (11 - 20 kali),d. Tengah malam (Begadang),a. Instagram,d. Selalu,2,2,2.0,4,4,4,1,1,1,1,22.0,Sedang
2026/06/27 2:58:15 AM GMT+7,setiang kusuma,2030655423,2020,Perempuan,d. > 5 Jam,b. (5 - 10 kali),c. Malam hari (Sebelum tidur),a. Instagram,d. Selalu,4,2,2.0,1,1,4,4,3,4,2,27.0,Sedang
2026/06/27 2:35:01 PM GMT+7,Andi,2130511023,2021,Laki - Laki,a. < 1 jam,a. (< 5 kali),b. Siang hari (Istirahat kuliah),a. Instagram,a. Tidak Pernah,1,2,3.0,4,3,3,2,4,4,3,29.0,Sedang
2026/06/27 2:41:38 PM GMT+7,Bina,2330511024,2023,Laki - Laki,c. 3 - 5 Jam,d. (> 20 kali / Hampir setiap saat),c. Malam hari (Sebelum tidur),e. WhatsApp,c. Sering,3,2,1.0,3,4,4,3,3,2,1,26.0,Sedang
2026/06/27 2:42:36 PM GMT+7,Amel,2230511009,2022,Perempuan,b. 1-3 jam,c. (11 - 20 kali),c. Malam hari (Sebelum tidur),c. Twitter (X),a. Tidak Pernah,3,2,2.0,3,3,2,2,3,3,4,27.0,Sedang
2026/06/27 2:59:57 PM GMT+7,Kuncung,230284344,2023,Laki - Laki,c. 3 - 5 Jam,c. (11 - 20 kali),d. Tengah malam (Begadang),a. Instagram,c. Sering,2,4,2.0,3,4,3,3,3,3,3,30.0,Sedang
2026/06/27 3:01:03 PM GMT+7,Anjas,23228323,2021,Laki - Laki,b. 1-3 jam,a. (< 5 kali),d. Tengah malam (Begadang),b. TikTok,b. Jarang,2,3,4.0,4,4,4,4,4,4,4,37.0,Tinggi
2026/06/27 3:04:23 PM GMT+7,kula,2324433,2020,Perempuan,c. 3 - 5 Jam,b. (5 - 10 kali),d. Tengah malam (Begadang),a. Instagram,c. Sering,2,2,2.0,2,2,3,3,3,3,2,24.0,Sedang
2026/06/27 3:05:17 PM GMT+7,Akur,23974947,2023,Perempuan,c. 3 - 5 Jam,b. (5 - 10 kali),c. Malam hari (Sebelum tidur),b. TikTok,d. Selalu,4,3,2.0,2,3,4,3,2,2,3,28.0,Sedang
2026/06/27 3:08:12 PM GMT+7,Alok,2230511022,2023,Perempuan,b. 1-3 jam,d. (> 20 kali / Hampir setiap saat),b. Siang hari (Istirahat kuliah),c. Twitter (X),a. Tidak Pernah,2,4,4.0,4,4,4,4,4,3,4,37.0,Tinggi
2026/07/02 9:25:44 AM GMT+7,knshsh,2330511027,2022,Laki - Laki,b. 1-3 jam,a. (< 5 kali),d. Tengah malam (Begadang),a. Instagram,c. Sering,1,2,1.0,3,4,2,1,4,2,1,21.0,Sedang
2026/07/02 9:28:13 AM GMT+7,gugub,347629123,2022,Perempuan,c. 3 - 5 Jam,b. (5 - 10 kali),d. Tengah malam (Begadang),d. YouTube,b. Jarang,1,3,2.0,1,2,4,3,3,4,1,24.0,Sedang
2026/07/02 9:28:46 AM GMT+7,Y,24386393,2024,Laki - Laki,c. 3 - 5 Jam,b. (5 - 10 kali),c. Malam hari (Sebelum tidur),b. TikTok,a. Tidak Pernah,3,4,4.0,3,2,1,2,2,4,3,28.0,Sedang
2026/07/02 9:29:26 AM GMT+7,Z,247293630,2024,Laki - Laki,c. 3 - 5 Jam,a. (< 5 kali),b. Siang hari (Istirahat kuliah),d. YouTube,b. Jarang,1,2,3.0,2,4,1,1,3,4,3,24.0,Sedang
2026/07/02 9:30:12 AM GMT+7,H,250829373,2025,Laki - Laki,d. > 5 Jam,c. (11 - 20 kali),c. Malam hari (Sebelum tidur),c. Twitter (X),b. Jarang,4,3,4.0,4,4,3,4,4,4,4,38.0,Tinggi
2026/07/02 9:30:43 AM GMT+7,T,238649273,2022,Perempuan,b. 1-3 jam,c. (11 - 20 kali),b. Siang hari (Istirahat kuliah),e. WhatsApp,c. Sering,2,3,4.0,1,2,3,3,2,4,4,28.0,Sedang
2026/07/02 9:31:21 AM GMT+7,l,236638363,2023,Laki - Laki,d. > 5 Jam,c. (11 - 20 kali),c. Malam hari (Sebelum tidur),e. WhatsApp,a. Tidak Pernah,2,4,4.0,3,2,1,1,1,1,1,20.0,Rendah
2026/07/02 9:31:51 AM GMT+7,R,23303638,2022,Laki - Laki,a. < 1 jam,a. (< 5 kali),a. Pagi hari,b. TikTok,b. Jarang,2,1,2.0,2,1,1,1,2,1,3,16.0,Rendah
2026/07/02 9:32:51 AM GMT+7,Y,23026393,2022,Perempuan,b. 1-3 jam,c. (11 - 20 kali),b. Siang hari (Istirahat kuliah),c. Twitter (X),d. Selalu,1,4,3.0,3,2,4,4,3,2,1,27.0,Sedang
2026/07/02 9:33:34 AM GMT+7,q,2239649362,2025,Perempuan,c. 3 - 5 Jam,c. (11 - 20 kali),a. Pagi hari,a. Instagram,b. Jarang,2,3,3.0,4,1,2,2,2,3,1,23.0,Sedang
2026/07/02 9:34:15 AM GMT+7,W,52836392,2024,Laki - Laki,c. 3 - 5 Jam,a. (< 5 kali),c. Malam hari (Sebelum tidur),c. Twitter (X),a. Tidak Pernah,3,4,2.0,4,1,3,2,3,4,1,27.0,Sedang
2026/07/02 9:35:08 AM GMT+7,Asep,397302729,2025,Laki - Laki,c. 3 - 5 Jam,b. (5 - 10 kali),d. Tengah malam (Begadang),a. Instagram,a. Tidak Pernah,3,1,4.0,2,3,3,2,4,1,3,26.0,Sedang
2026/07/02 9:35:47 AM GMT+7,E,816383629,2024,Laki - Laki,c. 3 - 5 Jam,a. (< 5 kali),b. Siang hari (Istirahat kuliah),e. WhatsApp,b. Jarang,3,3,2.0,1,4,2,3,1,3,2,24.0,Sedang
2026/07/02 9:37:15 AM GMT+7,R,257474937,2025,Laki - Laki,a. < 1 jam,c. (11 - 20 kali),b. Siang hari (Istirahat kuliah),c. Twitter (X),a. Tidak Pernah,2,3,1.0,2,4,2,1,4,1,3,23.0,Sedang
2026/07/02 9:37:52 AM GMT+7,Z,2239081628,2024,Laki - Laki,d. > 5 Jam,c. (11 - 20 kali),a. Pagi hari,b. TikTok,b. Jarang,4,2,3.0,1,3,4,1,1,3,4,26.0,Sedang
2026/07/02 9:38:24 AM GMT+7,T,238383730,2023,Laki - Laki,c. 3 - 5 Jam,a. (< 5 kali),c. Malam hari (Sebelum tidur),b. TikTok,d. Selalu,4,4,3.0,4,2,3,4,2,4,1,31.0,Tinggi
2026/07/02 9:39:02 AM GMT+7,U,2239373027,2022,Laki - Laki,c. 3 - 5 Jam,c. (11 - 20 kali),c. Malam hari (Sebelum tidur),e. WhatsApp,c. Sering,3,4,2.0,3,4,4,1,3,3,4,31.0,Tinggi
2026/07/02 9:39:35 AM GMT+7,I,22773927,2022,Perempuan,b. 1-3 jam,c. (11 - 20 kali),c. Malam hari (Sebelum tidur),b. TikTok,a. Tidak Pernah,2,3,3.0,2,3,1,4,1,2,3,24.0,Sedang
2026/07/02 9:40:09 AM GMT+7,P,23936392,2023,Laki - Laki,b. 1-3 jam,b. (5 - 10 kali),c. Malam hari (Sebelum tidur),b. TikTok,c. Sering,1,3,4.0,2,2,4,2,3,4,4,29.0,Sedang
2026/07/02 9:40:51 AM GMT+7,A,249629373,2024,Laki - Laki,c. 3 - 5 Jam,b. (5 - 10 kali),d. Tengah malam (Begadang),e. WhatsApp,a. Tidak Pernah,2,4,4.0,2,3,3,1,3,2,3,27.0,Sedang
2026/07/02 9:42:38 AM GMT+7,D,257927392,2025,Perempuan,c. 3 - 5 Jam,c. (11 - 20 kali),c. Malam hari (Sebelum tidur),e. WhatsApp,b. Jarang,3,1,4.0,4,3,3,4,3,2,4,31.0,Tinggi
2026/07/02 9:43:14 AM GMT+7,S,23396392,2024,Laki - Laki,c. 3 - 5 Jam,b. (5 - 10 kali),d. Tengah malam (Begadang),e. WhatsApp,d. Selalu,1,2,3.0,4,2,4,3,3,4,1,27.0,Sedang
2026/07/02 9:43:44 AM GMT+7,D,23836382,2023,Laki - Laki,c. 3 - 5 Jam,c. (11 - 20 kali),b. Siang hari (Istirahat kuliah),d. YouTube,d. Selalu,4,4,3.0,2,2,3,3,4,4,1,30.0,Sedang
2026/07/02 9:44:29 AM GMT+7,F,2373629,2024,Laki - Laki,c. 3 - 5 Jam,b. (5 - 10 kali),c. Malam hari (Sebelum tidur),e. WhatsApp,a. Tidak Pernah,2,3,1.0,1,3,2,3,3,2,4,24.0,Sedang
2026/07/02 9:45:03 AM GMT+7,G,240720372,2024,Perempuan,c. 3 - 5 Jam,d. (> 20 kali / Hampir setiap saat),b. Siang hari (Istirahat kuliah),c. Twitter (X),c. Sering,3,4,3.0,4,4,3,3,4,3,2,33.0,Tinggi
2026/07/02 9:46:36 AM GMT+7,K,223936396,2022,Laki - Laki,b. 1-3 jam,c. (11 - 20 kali),c. Malam hari (Sebelum tidur),e. WhatsApp,b. Jarang,3,3,3.0,1,4,4,3,2,4,1,28.0,Sedang
2026/07/02 9:49:05 AM GMT+7,K,2473639362,2024,Laki - Laki,d. > 5 Jam,c. (11 - 20 kali),b. Siang hari (Istirahat kuliah),e. WhatsApp,c. Sering,2,3,3.0,3,1,3,4,3,1,3,26.0,Sedang
2026/07/02 9:50:04 AM GMT+7,L,2487398367,2025,Laki - Laki,b. 1-3 jam,c. (11 - 20 kali),b. Siang hari (Istirahat kuliah),d. YouTube,a. Tidak Pernah,4,3,4.0,2,1,3,3,2,4,4,30.0,Sedang
2026/07/02 9:50:38 AM GMT+7,Z,223836393,2022,Perempuan,b. 1-3 jam,b. (5 - 10 kali),a. Pagi hari,e. WhatsApp,b. Jarang,2,1,1.0,2,1,2,1,2,1,2,15.0,Rendah
2026/07/02 9:51:12 AM GMT+7,X,2230797173,2022,Laki - Laki,c. 3 - 5 Jam,b. (5 - 10 kali),d. Tengah malam (Begadang),b. TikTok,c. Sering,3,3,2.0,3,4,3,1,3,4,2,28.0,Sedang
2026/07/02 9:51:50 AM GMT+7,X,25937393,2025,Laki - Laki,b. 1-3 jam,c. (11 - 20 kali),b. Siang hari (Istirahat kuliah),e. WhatsApp,c. Sering,2,3,4.0,4,1,4,2,1,4,3,28.0,Sedang
2026/07/02 9:52:27 AM GMT+7,C,22836383,2022,Laki - Laki,c. 3 - 5 Jam,b. (5 - 10 kali),c. Malam hari (Sebelum tidur),b. TikTok,a. Tidak Pernah,3,1,4.0,3,1,2,3,3,2,4,26.0,Sedang
2026/07/02 9:53:05 AM GMT+7,Y,2635292,2023,Perempuan,c. 3 - 5 Jam,d. (> 20 kali / Hampir setiap saat),c. Malam hari (Sebelum tidur),d. YouTube,d. Selalu,3,3,2.0,4,3,1,4,2,2,4,28.0,Sedang
2026/07/02 9:53:38 AM GMT+7,V,38,2024,Laki - Laki,a. < 1 jam,d. (> 20 kali / Hampir setiap saat),b. Siang hari (Istirahat kuliah),c. Twitter (X),a. Tidak Pernah,3,3,1.0,1,2,4,3,2,1,4,24.0,Sedang
2026/07/02 9:54:15 AM GMT+7,B,25,2025,Laki - Laki,c. 3 - 5 Jam,d. (> 20 kali / Hampir setiap saat),c. Malam hari (Sebelum tidur),b. TikTok,a. Tidak Pernah,1,2,2.0,1,3,2,4,2,1,4,22.0,Sedang
2026/07/02 9:54:59 AM GMT+7,M,258619272,2025,Laki - Laki,b. 1-3 jam,d. (> 20 kali / Hampir setiap saat),a. Pagi hari,c. Twitter (X),a. Tidak Pernah,3,4,3.0,4,4,1,3,3,1,4,30.0,Sedang
2026/07/02 9:56:16 AM GMT+7,Q,2873,2024,Laki - Laki,d. > 5 Jam,b. (5 - 10 kali),d. Tengah malam (Begadang),a. Instagram,a. Tidak Pernah,3,4,1.0,3,4,1,1,4,3,3,27.0,Sedang
2026/07/02 9:56:44 AM GMT+7,W,239629262,2023,Laki - Laki,c. 3 - 5 Jam,d. (> 20 kali / Hampir setiap saat),b. Siang hari (Istirahat kuliah),e. WhatsApp,b. Jarang,1,4,3.0,2,4,1,3,3,2,4,27.0,Sedang
2026/07/02 9:57:26 AM GMT+7,komar,2576282,2025,Perempuan,b. 1-3 jam,c. (11 - 20 kali),b. Siang hari (Istirahat kuliah),a. Instagram,c. Sering,3,1,2.0,4,2,1,4,3,1,3,24.0,Sedang
2026/07/02 9:58:09 AM GMT+7,W,23726282,2023,Perempuan,b. 1-3 jam,c. (11 - 20 kali),c. Malam hari (Sebelum tidur),a. Instagram,c. Sering,3,2,4.0,3,3,1,4,2,4,3,29.0,Sedang
2026/07/02 9:58:48 AM GMT+7,E,25492628,2025,Laki - Laki,c. 3 - 5 Jam,b. (5 - 10 kali),d. Tengah malam (Begadang),b. TikTok,d. Selalu,2,3,4.0,1,2,4,1,2,3,2,24.0,Sedang
2026/07/02 9:59:25 AM GMT+7,R,23,2023,Perempuan,b. 1-3 jam,b. (5 - 10 kali),b. Siang hari (Istirahat kuliah),b. TikTok,d. Selalu,4,3,1.0,3,2,4,4,3,3,4,31.0,Tinggi
2026/07/02 10:00:04 AM GMT+7,T,22,2022,Laki - Laki,d. > 5 Jam,c. (11 - 20 kali),c. Malam hari (Sebelum tidur),e. WhatsApp,b. Jarang,1,3,4.0,4,3,2,1,4,2,3,27.0,Sedang
2026/07/02 10:00:47 AM GMT+7,Y,23,2023,Laki - Laki,c. 3 - 5 Jam,c. (11 - 20 kali),c. Malam hari (Sebelum tidur),e. WhatsApp,d. Selalu,3,2,3.0,1,1,3,2,4,2,4,25.0,Sedang
2026/07/02 10:01:19 AM GMT+7,I,24,2024,Perempuan,c. 3 - 5 Jam,a. (< 5 kali),d. Tengah malam (Begadang),c. Twitter (X),b. Jarang,4,3,2.0,3,4,2,1,4,3,1,27.0,Sedang
2026/07/02 10:01:40 AM GMT+7,Yunda Septi Wulandari ,2430311046,2024,Perempuan,d. > 5 Jam,a. (< 5 kali),c. Malam hari (Sebelum tidur),b. TikTok,b. Jarang,2,1,1.0,1,3,2,1,2,2,2,17.0,Rendah
2026/07/02 10:02:00 AM GMT+7,O,22,2022,Perempuan,c. 3 - 5 Jam,b. (5 - 10 kali),d. Tengah malam (Begadang),e. WhatsApp,d. Selalu,1,3,3.0,4,3,2,4,4,3,2,29.0,Sedang
2026/07/02 10:02:28 AM GMT+7,A,25,2025,Perempuan,b. 1-3 jam,c. (11 - 20 kali),d. Tengah malam (Begadang),e. WhatsApp,b. Jarang,1,2,1.0,2,3,1,2,2,1,2,17.0,Rendah
2026/07/02 10:03:01 AM GMT+7,G,24,2024,Laki - Laki,d. > 5 Jam,d. (> 20 kali / Hampir setiap saat),d. Tengah malam (Begadang),b. TikTok,c. Sering,3,4,4.0,4,4,4,4,4,4,3,38.0,Tinggi
2026/07/02 10:03:39 AM GMT+7,K,25,2025,Laki - Laki,c. 3 - 5 Jam,c. (11 - 20 kali),c. Malam hari (Sebelum tidur),a. Instagram,a. Tidak Pernah,3,4,3.0,2,4,4,3,3,4,4,34.0,Tinggi
2026/07/02 10:04:08 AM GMT+7,G,24,2024,Perempuan,c. 3 - 5 Jam,c. (11 - 20 kali),c. Malam hari (Sebelum tidur),a. Instagram,c. Sering,3,4,3.0,3,4,2,4,3,2,4,32.0,Tinggi
2026/07/02 10:04:43 AM GMT+7,K,2348252,2023,Perempuan,c. 3 - 5 Jam,c. (11 - 20 kali),c. Malam hari (Sebelum tidur),a. Instagram,b. Jarang,2,1,2.0,2,2,3,3,2,2,2,21.0,Sedang
2026/07/02 10:05:18 AM GMT+7,U,3425,2025,Perempuan,a. < 1 jam,b. (5 - 10 kali),d. Tengah malam (Begadang),b. TikTok,a. Tidak Pernah,1,1,2.0,2,1,1,1,1,1,2,13.0,Rendah
2026/07/02 10:05:52 AM GMT+7,O,25753862,2025,Perempuan,c. 3 - 5 Jam,d. (> 20 kali / Hampir setiap saat),c. Malam hari (Sebelum tidur),b. TikTok,c. Sering,3,4,3.0,3,3,3,4,3,3,3,32.0,Tinggi
2026/07/02 10:06:31 AM GMT+7,T,24,2024,Laki - Laki,c. 3 - 5 Jam,b. (5 - 10 kali),d. Tengah malam (Begadang),b. TikTok,c. Sering,3,2,2.0,3,4,3,4,4,4,2,31.0,Tinggi
2026/07/02 10:07:06 AM GMT+7,B,2348584,2023,Perempuan,d. > 5 Jam,c. (11 - 20 kali),c. Malam hari (Sebelum tidur),e. WhatsApp,b. Jarang,2,2,2.0,2,1,2,3,2,2,1,19.0,Rendah
2026/07/02 10:07:43 AM GMT+7,B,25,2025,Perempuan,c. 3 - 5 Jam,b. (5 - 10 kali),b. Siang hari (Istirahat kuliah),e. WhatsApp,c. Sering,1,3,3.0,2,4,2,4,3,3,3,28.0,Sedang
2026/07/02 10:08:19 AM GMT+7,X,22,2022,Laki - Laki,b. 1-3 jam,a. (< 5 kali),d. Tengah malam (Begadang),b. TikTok,b. Jarang,1,1,1.0,1,2,1,1,1,1,1,11.0,Rendah
2026/07/02 10:08:50 AM GMT+7,M,2430311007,2024,Perempuan,c. 3 - 5 Jam,b. (5 - 10 kali),b. Siang hari (Istirahat kuliah),b. TikTok,b. Jarang,1,1,1.0,1,1,1,1,1,3,1,12.0,Rendah
2026/07/02 10:08:59 AM GMT+7,N,22,2022,Laki - Laki,d. > 5 Jam,c. (11 - 20 kali),d. Tengah malam (Begadang),b. TikTok,b. Jarang,4,3,3.0,3,1,3,2,4,3,3,29.0,Sedang
2026/07/02 10:09:29 AM GMT+7,R,23,2023,Perempuan,b. 1-3 jam,a. (< 5 kali),b. Siang hari (Istirahat kuliah),c. Twitter (X),b. Jarang,1,2,2.0,2,1,2,2,3,3,2,20.0,Rendah
2026/07/02 10:10:05 AM GMT+7,Uj,22,2022,Laki - Laki,d. > 5 Jam,c. (11 - 20 kali),b. Siang hari (Istirahat kuliah),b. TikTok,b. Jarang,3,1,4.0,4,4,4,4,4,4,4,36.0,Tinggi
2026/07/02 10:10:41 AM GMT+7,Y,23,2023,Perempuan,d. > 5 Jam,b. (5 - 10 kali),c. Malam hari (Sebelum tidur),e. WhatsApp,d. Selalu,4,4,4.0,4,3,2,2,2,1,4,30.0,Sedang
2026/07/02 10:11:11 AM GMT+7,M,25,2025,Perempuan,d. > 5 Jam,d. (> 20 kali / Hampir setiap saat),d. Tengah malam (Begadang),e. WhatsApp,d. Selalu,3,4,4.0,4,4,3,3,4,4,2,35.0,Tinggi
2026/07/02 10:11:52 AM GMT+7,Y,22,2022,Laki - Laki,c. 3 - 5 Jam,a. (< 5 kali),d. Tengah malam (Begadang),c. Twitter (X),a. Tidak Pernah,4,2,1.0,3,4,2,3,4,1,2,26.0,Sedang
2026/07/02 10:12:52 AM GMT+7,kuncung,2637837,2022,Laki - Laki,b. 1-3 jam,c. (11 - 20 kali),d. Tengah malam (Begadang),e. WhatsApp,c. Sering,3,4,4.0,2,3,3,3,3,4,3,32.0,Tinggi
2026/07/02 10:13:24 AM GMT+7,Z,25,2025,Perempuan,c. 3 - 5 Jam,c. (11 - 20 kali),b. Siang hari (Istirahat kuliah),e. WhatsApp,b. Jarang,2,2,2.0,3,3,1,4,4,4,4,29.0,Sedang
2026/07/02 10:14:25 AM GMT+7,239097282,23,2023,Perempuan,d. > 5 Jam,d. (> 20 kali / Hampir setiap saat),c. Malam hari (Sebelum tidur),e. WhatsApp,c. Sering,1,4,4.0,2,1,1,1,3,2,2,21.0,Sedang
2026/07/02 10:17:12 AM GMT+7,G,23,2023,Perempuan,c. 3 - 5 Jam,b. (5 - 10 kali),d. Tengah malam (Begadang),e. WhatsApp,c. Sering,3,1,4.0,2,4,1,3,4,3,4,29.0,Sedang
2026/07/02 10:17:40 AM GMT+7,Herna,2430311019,2024,Perempuan,c. 3 - 5 Jam,b. (5 - 10 kali),c. Malam hari (Sebelum tidur),b. TikTok,b. Jarang,2,2,1.0,1,2,3,2,3,3,2,21.0,Sedang
2026/07/02 10:19:01 AM GMT+7,T,23,2022,Laki - Laki,d. > 5 Jam,c. (11 - 20 kali),d. Tengah malam (Begadang),d. YouTube,a. Tidak Pernah,2,2,2.0,2,2,2,3,3,3,3,24.0,Sedang
2026/07/02 10:19:39 AM GMT+7,y,24,2024,Laki - Laki,d. > 5 Jam,c. (11 - 20 kali),c. Malam hari (Sebelum tidur),d. YouTube,c. Sering,3,3,3.0,3,3,3,3,1,2,2,26.0,Sedang
2026/07/02 10:21:11 AM GMT+7,H,24,2024,Laki - Laki,c. 3 - 5 Jam,c. (11 - 20 kali),a. Pagi hari,b. TikTok,c. Sering,4,3,3.0,3,4,3,4,4,2,4,34.0,Tinggi
2026/07/02 10:21:44 AM GMT+7,skah,26382,2023,Perempuan,b. 1-3 jam,c. (11 - 20 kali),d. Tengah malam (Begadang),b. TikTok,b. Jarang,3,2,4.0,3,3,3,2,4,1,3,28.0,Sedang
2026/07/02 10:22:21 AM GMT+7,kaja,2381881,2022,Laki - Laki,b. 1-3 jam,d. (> 20 kali / Hampir setiap saat),b. Siang hari (Istirahat kuliah),e. WhatsApp,c. Sering,2,3,3.0,4,4,3,2,4,4,3,32.0,Tinggi
2026/07/02 10:22:56 AM GMT+7,J,223,2025,Perempuan,a. < 1 jam,a. (< 5 kali),a. Pagi hari,a. Instagram,a. Tidak Pernah,1,1,2.0,1,2,1,2,1,2,1,14.0,Rendah
2026/07/02 10:23:47 AM GMT+7,V,2,2022,Perempuan,b. 1-3 jam,d. (> 20 kali / Hampir setiap saat),c. Malam hari (Sebelum tidur),e. WhatsApp,d. Selalu,3,2,2.0,3,3,3,4,4,4,4,32.0,Tinggi
2026/07/02 10:24:18 AM GMT+7,aha,23,2023,Perempuan,d. > 5 Jam,b. (5 - 10 kali),c. Malam hari (Sebelum tidur),c. Twitter (X),c. Sering,3,4,4.0,4,2,4,4,2,3,3,33.0,Tinggi
2026/07/02 10:24:59 AM GMT+7,ah,24,2024,Laki - Laki,c. 3 - 5 Jam,d. (> 20 kali / Hampir setiap saat),c. Malam hari (Sebelum tidur),e. WhatsApp,b. Jarang,4,3,4.0,4,2,3,4,4,4,3,35.0,Tinggi
2026/07/02 10:25:56 AM GMT+7,H,23,2022,Laki - Laki,b. 1-3 jam,d. (> 20 kali / Hampir setiap saat),b. Siang hari (Istirahat kuliah),b. TikTok,c. Sering,2,1,2.0,3,4,4,2,1,3,3,25.0,Sedang
2026/07/02 10:26:49 AM GMT+7,Y,24,2024,Laki - Laki,d. > 5 Jam,b. (5 - 10 kali),c. Malam hari (Sebelum tidur),b. TikTok,d. Selalu,3,1,4.0,2,3,2,4,1,4,3,27.0,Sedang
2026/07/02 10:28:49 AM GMT+7,Gy,24862922,2024,Laki - Laki,d. > 5 Jam,b. (5 - 10 kali),d. Tengah malam (Begadang),e. WhatsApp,c. Sering,3,3,4.0,4,4,4,3,4,1,4,34.0,Tinggi
2026/07/02 10:30:05 AM GMT+7,sjgs,249363973,2024,Laki - Laki,c. 3 - 5 Jam,d. (> 20 kali / Hampir setiap saat),c. Malam hari (Sebelum tidur),b. TikTok,c. Sering,4,4,3.0,3,4,3,1,4,4,3,33.0,Tinggi
2026/07/02 10:31:08 AM GMT+7,Yz,2386382),2023,Laki - Laki,c. 3 - 5 Jam,c. (11 - 20 kali),d. Tengah malam (Begadang),e. WhatsApp,d. Selalu,4,4,3.0,3,3,4,4,4,4,4,37.0,Tinggi
2026/07/02 10:31:55 AM GMT+7,Yf,25,2025,Laki - Laki,c. 3 - 5 Jam,d. (> 20 kali / Hampir setiap saat),d. Tengah malam (Begadang),e. WhatsApp,b. Jarang,3,3,3.0,3,3,1,2,2,4,4,28.0,Sedang
2026/07/02 10:33:08 AM GMT+7,as,231212,2023,Laki - Laki,c. 3 - 5 Jam,d. (> 20 kali / Hampir setiap saat),d. Tengah malam (Begadang),b. TikTok,b. Jarang,2,2,2.0,3,3,3,3,3,3,3,27.0,Sedang
2026/07/02 10:34:13 AM GMT+7,uh,243465,2024,Laki - Laki,d. > 5 Jam,b. (5 - 10 kali),c. Malam hari (Sebelum tidur),b. TikTok,c. Sering,2,2,3.0,3,1,2,3,3,3,3,25.0,Sedang
2026/06/27 12:54:43 AM GMT+7,KH. Raharja Halimah,2243321819,2022,Laki - Laki,c. 3 - 5 Jam,c. (11 - 20 kali),d. Tengah malam (Begadang),e. WhatsApp,b. Jarang,1,2,3.0,2,2,3,2,2,3,3,23.0,Sedang
2026/06/30 12:51:06 AM GMT+7,Danuja Utama,2215594078,2022,Laki - Laki,a. < 1 jam,c. (11 - 20 kali),c. Malam hari (Sebelum tidur),a. Instagram,d. Selalu,2,3,3.0,2,2,2,2,1,3,4,24.0,Sedang
2026/06/29 10:33:08 PM GMT+7,Liman Firgantoro,2234192832,2022,Laki - Laki,c. 3 - 5 Jam,a. (< 5 kali),b. Siang hari (Istirahat kuliah),e. WhatsApp,c. Sering,1,3,2.0,2,3,3,2,4,2,3,25.0,Sedang
2026/06/28 02:59:32 PM GMT+7,Victoria Simanjuntak,2272423884,2022,Perempuan,c. 3 - 5 Jam,b. (5 - 10 kali),c. Malam hari (Sebelum tidur),d. YouTube,b. Jarang,2,4,1.0,3,4,1,1,4,3,4,27.0,Sedang
2026/06/29 10:01:30 AM GMT+7,Ir. Najib Thamrin,2218451462,2022,Laki - Laki,a. < 1 jam,a. (< 5 kali),c. Malam hari (Sebelum tidur),b. TikTok,b. Jarang,4,1,3.0,2,2,3,1,4,2,4,26.0,Sedang
2026/07/01 08:35:59 AM GMT+7,Queen Prayoga,2201543039,2022,Perempuan,c. 3 - 5 Jam,b. (5 - 10 kali),c. Malam hari (Sebelum tidur),a. Instagram,a. Tidak Pernah,3,2,4.0,3,1,4,4,4,2,3,30.0,Sedang
2026/06/29 03:13:49 PM GMT+7,"Lala Haryanto, S.H.",2257871331,2022,Laki - Laki,b. 1-3 jam,c. (11 - 20 kali),c. Malam hari (Sebelum tidur),e. WhatsApp,a. Tidak Pernah,3,1,1.0,3,4,1,4,3,1,4,25.0,Sedang
2026/06/28 08:06:00 PM GMT+7,Kayla Halim,2263116566,2022,Laki - Laki,d. > 5 Jam,d. (> 20 kali / Hampir setiap saat),a. Pagi hari,e. WhatsApp,c. Sering,2,1,3.0,3,3,4,4,3,1,4,28.0,Sedang
2026/06/28 12:52:49 AM GMT+7,Harjasa Marbun,2280132677,2022,Laki - Laki,c. 3 - 5 Jam,c. (11 - 20 kali),c. Malam hari (Sebelum tidur),d. YouTube,b. Jarang,1,2,4.0,1,1,1,1,3,4,1,19.0,Rendah
2026/06/27 04:22:27 AM GMT+7,"Syahrini Sudiati, S.Kom",2250097882,2022,Laki - Laki,b. 1-3 jam,a. (< 5 kali),c. Malam hari (Sebelum tidur),e. WhatsApp,d. Selalu,2,1,4.0,4,4,3,1,4,4,3,30.0,Sedang
2026/06/26 05:36:15 AM GMT+7,Cecep Nuraini,2246247510,2022,Laki - Laki,a. < 1 jam,a. (< 5 kali),c. Malam hari (Sebelum tidur),e. WhatsApp,b. Jarang,4,1,1.0,4,4,2,1,4,1,2,24.0,Sedang
2026/07/01 06:03:55 AM GMT+7,Mariadi Budiyanto,2241241182,2022,Laki - Laki,b. 1-3 jam,d. (> 20 kali / Hampir setiap saat),c. Malam hari (Sebelum tidur),a. Instagram,b. Jarang,2,1,2.0,3,3,3,4,2,2,3,25.0,Sedang
2026/06/26 01:20:45 PM GMT+7,Winda Uyainah,2268011280,2022,Perempuan,b. 1-3 jam,c. (11 - 20 kali),c. Malam hari (Sebelum tidur),b. TikTok,d. Selalu,1,1,1.0,3,4,3,1,1,3,4,22.0,Sedang
2026/06/30 08:01:20 PM GMT+7,Asmianto Nugroho,2226025634,2022,Laki - Laki,d. > 5 Jam,b. (5 - 10 kali),c. Malam hari (Sebelum tidur),b. TikTok,b. Jarang,4,3,2.0,1,4,1,3,3,4,2,27.0,Sedang
2026/06/29 07:24:05 AM GMT+7,Jaya Aryani,2285014294,2022,Laki - Laki,b. 1-3 jam,c. (11 - 20 kali),b. Siang hari (Istirahat kuliah),b. TikTok,d. Selalu,3,1,3.0,3,3,4,2,2,1,2,24.0,Sedang
2026/06/30 04:29:26 PM GMT+7,Maryanto Hassanah,2259514846,2022,Laki - Laki,b. 1-3 jam,b. (5 - 10 kali),c. Malam hari (Sebelum tidur),a. Instagram,c. Sering,1,3,4.0,4,1,4,4,2,3,3,29.0,Sedang
2026/06/28 01:13:17 PM GMT+7,"Drs. Ajiman Wastuti, S.Psi",2287214895,2022,Laki - Laki,a. < 1 jam,c. (11 - 20 kali),c. Malam hari (Sebelum tidur),c. Twitter (X),b. Jarang,3,1,2.0,2,3,2,1,2,3,4,23.0,Sedang
2026/06/30 07:12:30 AM GMT+7,drg. Bala Novitasari,2216328708,2022,Laki - Laki,d. > 5 Jam,b. (5 - 10 kali),b. Siang hari (Istirahat kuliah),a. Instagram,d. Selalu,2,1,1.0,2,2,4,2,4,1,2,21.0,Sedang
2026/06/28 01:39:42 PM GMT+7,Timbul Permadi,2234873471,2022,Perempuan,c. 3 - 5 Jam,c. (11 - 20 kali),b. Siang hari (Istirahat kuliah),e. WhatsApp,b. Jarang,2,3,3.0,4,3,4,4,2,3,2,30.0,Sedang
2026/06/27 03:01:34 AM GMT+7,"Putri Maryati, S.Pd",2296705466,2022,Laki - Laki,d. > 5 Jam,d. (> 20 kali / Hampir setiap saat),b. Siang hari (Istirahat kuliah),b. TikTok,b. Jarang,2,2,2.0,2,2,2,2,1,3,1,19.0,Rendah
2026/06/27 09:14:29 AM GMT+7,Gawati Pratiwi,2216272046,2022,Laki - Laki,b. 1-3 jam,c. (11 - 20 kali),b. Siang hari (Istirahat kuliah),e. WhatsApp,d. Selalu,2,4,4.0,2,4,2,4,3,1,3,29.0,Sedang
2026/07/01 08:43:37 PM GMT+7,Citra Safitri,2209232719,2022,Perempuan,b. 1-3 jam,c. (11 - 20 kali),c. Malam hari (Sebelum tidur),a. Instagram,d. Selalu,1,4,3.0,4,3,2,1,1,3,1,23.0,Sedang
2026/07/01 01:18:46 AM GMT+7,R.M. Raditya Marbun,2231491905,2022,Laki - Laki,b. 1-3 jam,c. (11 - 20 kali),d. Tengah malam (Begadang),e. WhatsApp,c. Sering,2,2,4.0,1,3,3,4,4,2,4,29.0,Sedang
2026/06/27 12:27:03 PM GMT+7,Jamal Nugroho,2294531473,2022,Perempuan,b. 1-3 jam,d. (> 20 kali / Hampir setiap saat),c. Malam hari (Sebelum tidur),b. TikTok,c. Sering,2,2,3.0,3,2,2,3,4,4,3,28.0,Sedang
2026/06/28 12:20:42 PM GMT+7,"Dalimin Palastri, S.Gz",2237770143,2022,Laki - Laki,c. 3 - 5 Jam,d. (> 20 kali / Hampir setiap saat),c. Malam hari (Sebelum tidur),b. TikTok,c. Sering,4,2,4.0,4,4,3,1,3,2,1,28.0,Sedang
2026/06/26 10:44:17 PM GMT+7,"Cut Restu Thamrin, S.I.Kom",2274989413,2022,Laki - Laki,c. 3 - 5 Jam,c. (11 - 20 kali),b. Siang hari (Istirahat kuliah),e. WhatsApp,b. Jarang,3,3,1.0,2,2,3,4,3,3,4,28.0,Sedang
2026/07/01 07:01:00 PM GMT+7,Bella Rahimah,2211671902,2022,Laki - Laki,b. 1-3 jam,c. (11 - 20 kali),a. Pagi hari,e. WhatsApp,a. Tidak Pernah,2,4,3.0,4,3,4,2,1,4,4,31.0,Tinggi
2026/06/27 04:49:42 AM GMT+7,Janet Riyanti,2233412328,2022,Laki - Laki,c. 3 - 5 Jam,b. (5 - 10 kali),d. Tengah malam (Begadang),e. WhatsApp,b. Jarang,1,4,4.0,2,1,2,1,2,1,4,22.0,Sedang
2026/06/27 08:15:21 PM GMT+7,Lutfan Prakasa,2242102499,2022,Perempuan,c. 3 - 5 Jam,b. (5 - 10 kali),c. Malam hari (Sebelum tidur),b. TikTok,b. Jarang,2,2,2.0,1,2,1,4,3,2,1,20.0,Rendah
2026/06/28 03:07:47 AM GMT+7,"R.M. Wakiman Damanik, S.Kom",2249027874,2022,Laki - Laki,b. 1-3 jam,b. (5 - 10 kali),d. Tengah malam (Begadang),e. WhatsApp,c. Sering,2,4,1.0,4,2,3,2,2,3,4,27.0,Sedang
2026/06/29 07:36:23 PM GMT+7,Luthfi Salahudin,2268087603,2022,Laki - Laki,b. 1-3 jam,b. (5 - 10 kali),d. Tengah malam (Begadang),e. WhatsApp,b. Jarang,3,3,1.0,4,4,1,2,2,4,3,27.0,Sedang
2026/06/29 01:41:37 AM GMT+7,Unggul Haryanti,2217127484,2022,Laki - Laki,b. 1-3 jam,b. (5 - 10 kali),d. Tengah malam (Begadang),e. WhatsApp,b. Jarang,2,4,3.0,3,2,2,3,2,4,3,28.0,Sedang
2026/06/26 06:02:53 PM GMT+7,Ghaliyati Dongoran,2297278755,2022,Laki - Laki,b. 1-3 jam,b. (5 - 10 kali),c. Malam hari (Sebelum tidur),e. WhatsApp,a. Tidak Pernah,2,3,2.0,3,2,1,2,4,2,2,23.0,Sedang
2026/06/30 12:54:22 PM GMT+7,Ir. Citra Usamah,2289517187,2022,Laki - Laki,c. 3 - 5 Jam,a. (< 5 kali),a. Pagi hari,e. WhatsApp,a. Tidak Pernah,3,4,4.0,3,3,1,3,1,2,1,25.0,Sedang
2026/06/28 10:53:51 AM GMT+7,Zulfa Waluyo,2213431611,2022,Laki - Laki,b. 1-3 jam,a. (< 5 kali),c. Malam hari (Sebelum tidur),c. Twitter (X),b. Jarang,2,3,4.0,4,2,3,4,1,2,3,28.0,Sedang
2026/06/27 11:42:01 PM GMT+7,Ratna Sihotang,2247407482,2022,Laki - Laki,a. < 1 jam,a. (< 5 kali),c. Malam hari (Sebelum tidur),d. YouTube,a. Tidak Pernah,2,3,1.0,1,4,4,3,3,2,3,26.0,Sedang
2026/06/26 03:39:30 PM GMT+7,Mahesa Sihombing,2290974395,2022,Laki - Laki,c. 3 - 5 Jam,c. (11 - 20 kali),b. Siang hari (Istirahat kuliah),c. Twitter (X),a. Tidak Pernah,3,3,2.0,3,2,3,3,3,1,3,26.0,Sedang
2026/06/28 10:44:22 PM GMT+7,Galiono Adriansyah,2285884247,2022,Perempuan,c. 3 - 5 Jam,a. (< 5 kali),b. Siang hari (Istirahat kuliah),b. TikTok,b. Jarang,1,3,2.0,2,3,2,3,3,3,3,25.0,Sedang
2026/07/01 01:32:47 PM GMT+7,H. Dariati Rahmawati,2249651370,2022,Perempuan,a. < 1 jam,c. (11 - 20 kali),d. Tengah malam (Begadang),a. Instagram,a. Tidak Pernah,2,4,2.0,3,4,3,2,3,4,4,31.0,Tinggi
2026/06/28 01:32:48 PM GMT+7,Enteng Mangunsong,2286926179,2022,Laki - Laki,a. < 1 jam,c. (11 - 20 kali),c. Malam hari (Sebelum tidur),b. TikTok,d. Selalu,4,3,2.0,4,1,4,3,3,4,1,29.0,Sedang
2026/06/29 01:14:17 AM GMT+7,Kasim Prayoga,2390053293,2023,Laki - Laki,d. > 5 Jam,c. (11 - 20 kali),c. Malam hari (Sebelum tidur),c. Twitter (X),c. Sering,3,1,3.0,1,4,3,4,3,2,3,27.0,Sedang
2026/07/01 04:05:40 PM GMT+7,"Bancar Winarno, S.Farm",2339502402,2023,Perempuan,b. 1-3 jam,d. (> 20 kali / Hampir setiap saat),d. Tengah malam (Begadang),c. Twitter (X),c. Sering,3,2,1.0,3,2,2,3,4,1,3,24.0,Sedang
2026/06/28 03:28:47 PM GMT+7,Garda Puspasari,2317711592,2023,Laki - Laki,c. 3 - 5 Jam,b. (5 - 10 kali),d. Tengah malam (Begadang),b. TikTok,d. Selalu,2,2,2.0,3,2,2,1,2,2,3,21.0,Sedang
2026/06/28 08:30:09 PM GMT+7,"Ir. Laila Yuniar, S.Psi",2376615654,2023,Laki - Laki,c. 3 - 5 Jam,a. (< 5 kali),c. Malam hari (Sebelum tidur),c. Twitter (X),b. Jarang,3,4,2.0,4,3,1,3,3,3,2,28.0,Sedang
2026/06/28 04:53:12 AM GMT+7,Soleh Lazuardi,2394519832,2023,Perempuan,c. 3 - 5 Jam,c. (11 - 20 kali),b. Siang hari (Istirahat kuliah),b. TikTok,a. Tidak Pernah,2,4,2.0,1,2,1,1,3,1,2,19.0,Rendah
2026/06/30 03:45:13 AM GMT+7,Maya Prasetya,2345502296,2023,Laki - Laki,d. > 5 Jam,a. (< 5 kali),c. Malam hari (Sebelum tidur),b. TikTok,c. Sering,2,3,4.0,4,1,1,2,3,2,3,25.0,Sedang
2026/07/01 07:27:48 PM GMT+7,Cahyanto Siregar,2367976438,2023,Laki - Laki,c. 3 - 5 Jam,c. (11 - 20 kali),d. Tengah malam (Begadang),b. TikTok,a. Tidak Pernah,3,2,2.0,3,4,3,4,3,4,3,31.0,Tinggi
2026/06/26 02:45:22 PM GMT+7,Sabrina Pradana,2368388516,2023,Perempuan,c. 3 - 5 Jam,c. (11 - 20 kali),b. Siang hari (Istirahat kuliah),c. Twitter (X),c. Sering,2,4,4.0,3,4,4,2,4,1,1,29.0,Sedang
2026/07/01 02:02:24 PM GMT+7,"Bakidin Wahyuni, M.Farm",2336968164,2023,Perempuan,c. 3 - 5 Jam,d. (> 20 kali / Hampir setiap saat),c. Malam hari (Sebelum tidur),a. Instagram,c. Sering,3,4,4.0,1,2,3,4,3,4,3,31.0,Tinggi
2026/06/27 01:44:41 AM GMT+7,Narji Hartati,2377997995,2023,Perempuan,b. 1-3 jam,c. (11 - 20 kali),c. Malam hari (Sebelum tidur),b. TikTok,c. Sering,3,3,4.0,4,3,3,2,3,1,1,27.0,Sedang
2026/06/27 08:24:06 AM GMT+7,Manah Maheswara,2379807935,2023,Laki - Laki,b. 1-3 jam,a. (< 5 kali),d. Tengah malam (Begadang),c. Twitter (X),d. Selalu,4,3,2.0,3,2,2,3,4,3,1,27.0,Sedang
2026/06/28 02:07:09 PM GMT+7,"Ganep Laksmiwati, S.T.",2390515186,2023,Laki - Laki,d. > 5 Jam,d. (> 20 kali / Hampir setiap saat),b. Siang hari (Istirahat kuliah),c. Twitter (X),c. Sering,2,3,4.0,1,2,4,1,1,4,4,26.0,Sedang
2026/06/29 11:13:46 PM GMT+7,Raisa Haryanto,2381685054,2023,Laki - Laki,c. 3 - 5 Jam,a. (< 5 kali),d. Tengah malam (Begadang),e. WhatsApp,b. Jarang,3,4,3.0,2,1,2,4,4,2,3,28.0,Sedang
2026/06/28 11:46:19 PM GMT+7,Kezia Marpaung,2392706537,2023,Perempuan,d. > 5 Jam,d. (> 20 kali / Hampir setiap saat),c. Malam hari (Sebelum tidur),e. WhatsApp,d. Selalu,1,1,3.0,2,3,4,1,2,3,4,24.0,Sedang
2026/06/30 09:04:52 PM GMT+7,drg. Enteng Saefullah,2324075818,2023,Perempuan,c. 3 - 5 Jam,d. (> 20 kali / Hampir setiap saat),c. Malam hari (Sebelum tidur),c. Twitter (X),b. Jarang,2,1,3.0,4,3,3,4,4,4,1,29.0,Sedang
2026/06/29 08:55:10 PM GMT+7,"R. Tira Najmudin, S.IP",2315220472,2023,Perempuan,b. 1-3 jam,b. (5 - 10 kali),b. Siang hari (Istirahat kuliah),e. WhatsApp,b. Jarang,3,1,2.0,4,2,3,4,3,2,4,28.0,Sedang
2026/07/02 12:02:33 AM GMT+7,Chelsea Rahayu,2379808932,2023,Laki - Laki,c. 3 - 5 Jam,c. (11 - 20 kali),d. Tengah malam (Begadang),e. WhatsApp,a. Tidak Pernah,2,2,1.0,4,2,4,4,1,4,4,28.0,Sedang
2026/06/29 07:09:29 PM GMT+7,Wakiman Kuswandari,2351531952,2023,Laki - Laki,b. 1-3 jam,d. (> 20 kali / Hampir setiap saat),c. Malam hari (Sebelum tidur),c. Twitter (X),c. Sering,1,4,2.0,3,2,4,3,3,4,3,29.0,Sedang
2026/06/29 11:30:38 AM GMT+7,Ir. Siti Aryani,2387403450,2023,Perempuan,c. 3 - 5 Jam,c. (11 - 20 kali),c. Malam hari (Sebelum tidur),c. Twitter (X),a. Tidak Pernah,4,2,1.0,4,3,2,3,2,2,3,26.0,Sedang
2026/06/27 10:22:12 PM GMT+7,Daliono Hidayat,2351154479,2023,Perempuan,c. 3 - 5 Jam,b. (5 - 10 kali),d. Tengah malam (Begadang),a. Instagram,d. Selalu,2,2,2.0,2,4,1,3,4,2,3,25.0,Sedang
2026/07/01 11:01:52 PM GMT+7,Dirja Rajata,2370213556,2023,Perempuan,c. 3 - 5 Jam,c. (11 - 20 kali),d. Tengah malam (Begadang),b. TikTok,c. Sering,3,3,4.0,4,4,2,4,3,3,1,31.0,Tinggi
2026/07/01 07:07:14 PM GMT+7,Darimin Halimah,2373947312,2023,Perempuan,b. 1-3 jam,a. (< 5 kali),d. Tengah malam (Begadang),e. WhatsApp,a. Tidak Pernah,4,3,4.0,3,3,2,2,2,1,4,28.0,Sedang
2026/06/29 11:42:23 AM GMT+7,Gabriella Maryadi,2332370589,2023,Laki - Laki,d. > 5 Jam,b. (5 - 10 kali),d. Tengah malam (Begadang),e. WhatsApp,c. Sering,4,4,4.0,2,2,3,2,2,3,2,28.0,Sedang
2026/06/29 10:59:37 PM GMT+7,Harsana Samosir,2389226801,2023,Laki - Laki,c. 3 - 5 Jam,c. (11 - 20 kali),a. Pagi hari,e. WhatsApp,d. Selalu,2,3,3.0,3,1,3,1,4,4,4,28.0,Sedang
2026/06/27 09:47:20 AM GMT+7,Suci Hasanah,2399590010,2023,Perempuan,d. > 5 Jam,c. (11 - 20 kali),c. Malam hari (Sebelum tidur),b. TikTok,a. Tidak Pernah,3,1,4.0,2,4,3,2,4,3,2,28.0,Sedang
2026/06/30 01:30:00 PM GMT+7,"T. Gara Wastuti, M.Pd",2373592555,2023,Perempuan,c. 3 - 5 Jam,b. (5 - 10 kali),d. Tengah malam (Begadang),b. TikTok,c. Sering,3,3,3.0,3,3,1,4,1,4,3,28.0,Sedang
2026/06/27 04:36:18 AM GMT+7,Cornelia Widiastuti,2327877470,2023,Laki - Laki,c. 3 - 5 Jam,b. (5 - 10 kali),c. Malam hari (Sebelum tidur),b. TikTok,b. Jarang,3,2,2.0,2,4,3,4,3,4,4,31.0,Tinggi
2026/06/28 04:54:05 PM GMT+7,Widya Siregar,2309835841,2023,Laki - Laki,b. 1-3 jam,b. (5 - 10 kali),b. Siang hari (Istirahat kuliah),a. Instagram,a. Tidak Pernah,3,3,4.0,1,3,4,4,4,3,3,32.0,Tinggi
2026/07/01 11:11:09 PM GMT+7,drg. Bakijan Namaga,2378729825,2023,Perempuan,c. 3 - 5 Jam,b. (5 - 10 kali),d. Tengah malam (Begadang),c. Twitter (X),a. Tidak Pernah,2,2,4.0,4,3,3,3,3,3,3,30.0,Sedang
2026/06/26 05:16:29 AM GMT+7,Cut Natalia Haryanto,2397499309,2023,Laki - Laki,b. 1-3 jam,d. (> 20 kali / Hampir setiap saat),b. Siang hari (Istirahat kuliah),b. TikTok,a. Tidak Pernah,3,2,2.0,3,3,4,3,3,3,4,30.0,Sedang
2026/06/28 04:10:27 AM GMT+7,Hani Sitorus,2328385786,2023,Laki - Laki,c. 3 - 5 Jam,a. (< 5 kali),c. Malam hari (Sebelum tidur),b. TikTok,a. Tidak Pernah,1,4,2.0,2,4,3,3,3,1,3,26.0,Sedang
2026/06/29 05:42:46 AM GMT+7,"Lembah Sihotang, S.E.",2375758441,2023,Laki - Laki,b. 1-3 jam,a. (< 5 kali),c. Malam hari (Sebelum tidur),b. TikTok,a. Tidak Pernah,3,3,1.0,3,1,1,1,3,1,3,20.0,Rendah
2026/06/27 05:39:22 AM GMT+7,Vivi Purwanti,2319933083,2023,Perempuan,c. 3 - 5 Jam,b. (5 - 10 kali),b. Siang hari (Istirahat kuliah),e. WhatsApp,a. Tidak Pernah,3,2,1.0,4,1,2,3,3,1,3,23.0,Sedang
2026/06/27 01:57:41 AM GMT+7,Putri Permata,2319380262,2023,Perempuan,c. 3 - 5 Jam,d. (> 20 kali / Hampir setiap saat),b. Siang hari (Istirahat kuliah),e. WhatsApp,a. Tidak Pernah,4,3,3.0,3,2,2,3,4,2,4,30.0,Sedang
2026/06/30 11:27:13 AM GMT+7,Eva Wijayanti,2331527420,2023,Perempuan,d. > 5 Jam,b. (5 - 10 kali),b. Siang hari (Istirahat kuliah),e. WhatsApp,d. Selalu,4,4,4.0,3,2,3,4,3,4,3,34.0,Tinggi
2026/06/30 01:08:13 PM GMT+7,"R.A. Zalindra Suryatmi, M.Ak",2354990453,2023,Laki - Laki,c. 3 - 5 Jam,c. (11 - 20 kali),d. Tengah malam (Begadang),b. TikTok,d. Selalu,1,3,3.0,1,4,1,4,3,4,2,26.0,Sedang
2026/06/27 04:29:46 PM GMT+7,Ir. Yance Usamah,2387833918,2023,Laki - Laki,d. > 5 Jam,c. (11 - 20 kali),d. Tengah malam (Begadang),e. WhatsApp,c. Sering,2,2,3.0,4,3,3,4,4,4,4,33.0,Tinggi
2026/07/01 01:47:58 PM GMT+7,Farah Adriansyah,2367908740,2023,Laki - Laki,d. > 5 Jam,d. (> 20 kali / Hampir setiap saat),d. Tengah malam (Begadang),e. WhatsApp,c. Sering,3,1,1.0,3,1,3,3,2,2,1,20.0,Rendah
2026/06/26 02:32:33 PM GMT+7,"R. Violet Wibowo, S.Kom",2367661825,2023,Laki - Laki,a. < 1 jam,b. (5 - 10 kali),c. Malam hari (Sebelum tidur),d. YouTube,a. Tidak Pernah,1,1,4.0,2,3,4,4,4,4,3,30.0,Sedang
2026/06/27 12:53:39 AM GMT+7,Gading Kurniawan,2369033119,2023,Laki - Laki,b. 1-3 jam,d. (> 20 kali / Hampir setiap saat),c. Malam hari (Sebelum tidur),a. Instagram,c. Sering,3,3,1.0,3,3,3,2,2,4,4,28.0,Sedang
2026/06/26 05:41:11 PM GMT+7,"Adika Purnawati, M.Ak",2328364408,2023,Perempuan,d. > 5 Jam,a. (< 5 kali),d. Tengah malam (Begadang),b. TikTok,c. Sering,4,1,2.0,2,3,4,4,4,2,4,30.0,Sedang
2026/06/30 06:01:45 PM GMT+7,"Ratna Hasanah, S.E.I",2327086688,2023,Laki - Laki,c. 3 - 5 Jam,c. (11 - 20 kali),d. Tengah malam (Begadang),d. YouTube,d. Selalu,3,4,3.0,3,2,1,2,3,2,2,25.0,Sedang
2026/06/27 09:26:17 PM GMT+7,Asmadi Thamrin,2354033173,2023,Perempuan,d. > 5 Jam,b. (5 - 10 kali),c. Malam hari (Sebelum tidur),b. TikTok,b. Jarang,2,4,4.0,4,1,4,2,2,2,3,28.0,Sedang
2026/06/30 04:36:04 PM GMT+7,Ir. Nasrullah Astuti,2309320489,2023,Laki - Laki,c. 3 - 5 Jam,c. (11 - 20 kali),c. Malam hari (Sebelum tidur),b. TikTok,a. Tidak Pernah,2,4,2.0,3,2,2,1,4,4,2,26.0,Sedang
2026/06/30 11:09:56 PM GMT+7,Limar Zulkarnain,2372808010,2023,Perempuan,c. 3 - 5 Jam,d. (> 20 kali / Hampir setiap saat),c. Malam hari (Sebelum tidur),a. Instagram,b. Jarang,2,2,2.0,2,2,4,3,3,3,3,26.0,Sedang
2026/06/27 04:38:56 AM GMT+7,"Emong Kuswandari, S.Gz",2440862118,2024,Laki - Laki,c. 3 - 5 Jam,b. (5 - 10 kali),b. Siang hari (Istirahat kuliah),e. WhatsApp,c. Sering,2,2,4.0,1,4,1,2,2,1,2,21.0,Sedang
2026/07/01 03:32:06 PM GMT+7,"Sabri Gunawan, S.Gz",2487002176,2024,Perempuan,c. 3 - 5 Jam,a. (< 5 kali),a. Pagi hari,c. Twitter (X),d. Selalu,3,1,2.0,4,4,2,1,3,3,2,25.0,Sedang
2026/06/30 05:55:17 PM GMT+7,"Purwa Riyanti, S.Pd",2492614293,2024,Laki - Laki,d. > 5 Jam,d. (> 20 kali / Hampir setiap saat),d. Tengah malam (Begadang),b. TikTok,a. Tidak Pernah,1,4,3.0,2,3,3,4,3,3,4,30.0,Sedang
2026/06/27 03:07:10 PM GMT+7,Dt. Wahyu Hakim,2404773586,2024,Laki - Laki,b. 1-3 jam,d. (> 20 kali / Hampir setiap saat),c. Malam hari (Sebelum tidur),a. Instagram,a. Tidak Pernah,1,3,3.0,2,2,1,3,3,4,3,25.0,Sedang
2026/06/29 07:50:22 PM GMT+7,Cornelia Permadi,2412678886,2024,Laki - Laki,c. 3 - 5 Jam,b. (5 - 10 kali),d. Tengah malam (Begadang),c. Twitter (X),d. Selalu,3,2,2.0,2,3,2,4,4,2,3,27.0,Sedang
2026/06/29 06:38:59 PM GMT+7,"T. Cakrawala Utama, S.Pt",2421264647,2024,Perempuan,c. 3 - 5 Jam,a. (< 5 kali),b. Siang hari (Istirahat kuliah),b. TikTok,a. Tidak Pernah,2,3,3.0,4,1,4,2,4,3,2,28.0,Sedang
2026/06/26 08:48:11 AM GMT+7,"Tgk. Zizi Riyanti, S.Gz",2459375265,2024,Laki - Laki,b. 1-3 jam,b. (5 - 10 kali),d. Tengah malam (Begadang),e. WhatsApp,c. Sering,1,2,3.0,4,2,1,1,4,1,4,23.0,Sedang
2026/06/26 09:27:39 PM GMT+7,Cut Samiah Haryanti,2441672434,2024,Perempuan,d. > 5 Jam,d. (> 20 kali / Hampir setiap saat),c. Malam hari (Sebelum tidur),d. YouTube,c. Sering,2,2,1.0,2,3,2,3,1,3,4,23.0,Sedang
2026/07/02 12:07:15 AM GMT+7,Ani Palastri,2452909656,2024,Laki - Laki,c. 3 - 5 Jam,c. (11 - 20 kali),b. Siang hari (Istirahat kuliah),b. TikTok,a. Tidak Pernah,3,2,4.0,2,2,3,2,4,4,1,27.0,Sedang
2026/07/02 12:02:44 AM GMT+7,Adikara Melani,2425457387,2024,Laki - Laki,c. 3 - 5 Jam,d. (> 20 kali / Hampir setiap saat),d. Tengah malam (Begadang),e. WhatsApp,b. Jarang,1,3,4.0,3,2,2,1,4,3,3,26.0,Sedang
2026/06/28 01:41:39 PM GMT+7,Ir. Padma Usamah,2462266093,2024,Laki - Laki,c. 3 - 5 Jam,c. (11 - 20 kali),c. Malam hari (Sebelum tidur),e. WhatsApp,a. Tidak Pernah,1,2,2.0,4,3,3,4,2,3,1,25.0,Sedang
2026/06/29 08:31:51 AM GMT+7,"Ir. Icha Haryanti, S.Pd",2469155792,2024,Perempuan,d. > 5 Jam,c. (11 - 20 kali),d. Tengah malam (Begadang),e. WhatsApp,b. Jarang,3,3,3.0,2,3,4,4,4,4,4,34.0,Tinggi
2026/06/26 06:57:19 AM GMT+7,Suci Permata,2482742257,2024,Perempuan,d. > 5 Jam,a. (< 5 kali),d. Tengah malam (Begadang),e. WhatsApp,c. Sering,2,4,4.0,4,2,4,4,4,2,3,33.0,Tinggi
2026/07/01 07:41:56 PM GMT+7,Maya Sirait,2442797881,2024,Laki - Laki,c. 3 - 5 Jam,b. (5 - 10 kali),a. Pagi hari,b. TikTok,a. Tidak Pernah,1,2,3.0,4,2,1,4,1,4,3,25.0,Sedang
2026/07/01 01:01:23 PM GMT+7,Dirja Yuliarti,2433959629,2024,Laki - Laki,c. 3 - 5 Jam,c. (11 - 20 kali),c. Malam hari (Sebelum tidur),b. TikTok,b. Jarang,2,3,2.0,3,4,2,2,2,4,1,25.0,Sedang
2026/06/29 02:38:35 AM GMT+7,Jamal Nainggolan,2422325367,2024,Laki - Laki,b. 1-3 jam,b. (5 - 10 kali),c. Malam hari (Sebelum tidur),e. WhatsApp,a. Tidak Pernah,1,2,2.0,2,1,4,3,4,1,1,21.0,Sedang
2026/07/01 04:26:50 AM GMT+7,"Luwes Sihotang, S.E.I",2451863637,2024,Laki - Laki,d. > 5 Jam,c. (11 - 20 kali),d. Tengah malam (Begadang),b. TikTok,c. Sering,2,4,3.0,3,2,4,4,2,3,3,30.0,Sedang
2026/06/28 09:11:32 PM GMT+7,"Jail Nashiruddin, M.Pd",2424241541,2024,Laki - Laki,d. > 5 Jam,c. (11 - 20 kali),c. Malam hari (Sebelum tidur),b. TikTok,a. Tidak Pernah,3,4,2.0,3,3,3,4,2,4,2,30.0,Sedang
2026/07/01 02:12:22 PM GMT+7,"Dr. Ida Halim, S.H.",2471361115,2024,Laki - Laki,c. 3 - 5 Jam,b. (5 - 10 kali),b. Siang hari (Istirahat kuliah),c. Twitter (X),a. Tidak Pernah,1,3,4.0,2,4,4,4,2,1,4,29.0,Sedang
2026/06/28 09:50:33 PM GMT+7,Titi Nasyidah,2412196565,2024,Perempuan,c. 3 - 5 Jam,b. (5 - 10 kali),c. Malam hari (Sebelum tidur),a. Instagram,a. Tidak Pernah,3,1,3.0,1,1,3,1,3,3,2,21.0,Sedang
2026/06/30 12:32:23 PM GMT+7,drg. Anastasia Tarihoran,2437918055,2024,Laki - Laki,d. > 5 Jam,b. (5 - 10 kali),c. Malam hari (Sebelum tidur),a. Instagram,a. Tidak Pernah,4,4,3.0,3,4,3,4,2,3,4,34.0,Tinggi
2026/06/27 02:28:46 PM GMT+7,Genta Hastuti,2461889241,2024,Laki - Laki,b. 1-3 jam,c. (11 - 20 kali),b. Siang hari (Istirahat kuliah),b. TikTok,c. Sering,2,4,2.0,3,2,1,2,3,4,4,27.0,Sedang
2026/06/28 08:18:27 AM GMT+7,Cinthia Safitri,2442102027,2024,Perempuan,b. 1-3 jam,d. (> 20 kali / Hampir setiap saat),b. Siang hari (Istirahat kuliah),e. WhatsApp,b. Jarang,1,3,1.0,2,4,2,4,3,2,4,26.0,Sedang
2026/07/01 12:26:58 PM GMT+7,Prabawa Halim,2450792524,2024,Perempuan,d. > 5 Jam,d. (> 20 kali / Hampir setiap saat),c. Malam hari (Sebelum tidur),a. Instagram,b. Jarang,4,3,3.0,4,1,3,2,3,2,2,27.0,Sedang
2026/06/26 02:42:10 PM GMT+7,Nabila Susanti,2436541951,2024,Laki - Laki,d. > 5 Jam,c. (11 - 20 kali),b. Siang hari (Istirahat kuliah),d. YouTube,d. Selalu,3,2,3.0,2,3,1,4,3,3,3,27.0,Sedang
2026/06/27 08:27:07 PM GMT+7,"Eka Rahayu, S.E.",2497383206,2024,Laki - Laki,b. 1-3 jam,b. (5 - 10 kali),b. Siang hari (Istirahat kuliah),e. WhatsApp,c. Sering,1,2,2.0,3,4,2,3,1,1,3,22.0,Sedang
2026/06/30 01:53:32 AM GMT+7,"Wulan Hakim, S.Gz",2438657191,2024,Laki - Laki,b. 1-3 jam,b. (5 - 10 kali),d. Tengah malam (Begadang),e. WhatsApp,a. Tidak Pernah,3,3,2.0,1,3,2,3,4,4,1,26.0,Sedang
2026/06/30 09:50:21 AM GMT+7,"Dr. Maida Suryono, S.E.",2412775618,2024,Laki - Laki,d. > 5 Jam,b. (5 - 10 kali),d. Tengah malam (Begadang),c. Twitter (X),b. Jarang,1,3,2.0,2,4,2,4,2,1,4,25.0,Sedang
2026/07/01 06:37:14 AM GMT+7,"Tgk. Nalar Handayani, S.Psi",2420678831,2024,Laki - Laki,d. > 5 Jam,c. (11 - 20 kali),c. Malam hari (Sebelum tidur),c. Twitter (X),d. Selalu,3,4,4.0,2,2,1,4,2,4,3,29.0,Sedang
2026/06/26 01:05:22 PM GMT+7,Nova Zulaika,2415107029,2024,Laki - Laki,d. > 5 Jam,b. (5 - 10 kali),c. Malam hari (Sebelum tidur),b. TikTok,c. Sering,4,3,4.0,3,2,1,1,4,1,4,27.0,Sedang
2026/07/01 07:32:22 PM GMT+7,"Dr. Kartika Thamrin, S.Pd",2463838065,2024,Laki - Laki,d. > 5 Jam,c. (11 - 20 kali),d. Tengah malam (Begadang),b. TikTok,b. Jarang,3,2,3.0,2,4,2,3,4,3,3,29.0,Sedang
2026/07/01 12:40:48 AM GMT+7,Kamidin Sihombing,2434803965,2024,Perempuan,a. < 1 jam,c. (11 - 20 kali),c. Malam hari (Sebelum tidur),b. TikTok,a. Tidak Pernah,2,2,2.0,4,3,3,2,2,2,1,23.0,Sedang
2026/06/27 06:44:59 PM GMT+7,"Karta Thamrin, M.Pd",2401039308,2024,Laki - Laki,c. 3 - 5 Jam,b. (5 - 10 kali),b. Siang hari (Istirahat kuliah),b. TikTok,b. Jarang,1,1,3.0,3,2,3,4,4,3,3,27.0,Sedang
2026/06/26 06:30:53 AM GMT+7,"Hilda Narpati, S.IP",2415452267,2024,Perempuan,c. 3 - 5 Jam,a. (< 5 kali),b. Siang hari (Istirahat kuliah),d. YouTube,a. Tidak Pernah,3,2,3.0,3,2,3,1,1,1,4,23.0,Sedang
2026/06/28 02:44:52 AM GMT+7,"Queen Pratiwi, S.Pt",2459391725,2024,Perempuan,c. 3 - 5 Jam,a. (< 5 kali),c. Malam hari (Sebelum tidur),c. Twitter (X),b. Jarang,1,4,1.0,4,4,3,4,3,4,3,31.0,Tinggi
2026/06/28 01:10:04 PM GMT+7,"T. Reza Yuliarti, S.Sos",2426765861,2024,Perempuan,d. > 5 Jam,b. (5 - 10 kali),b. Siang hari (Istirahat kuliah),e. WhatsApp,c. Sering,1,3,3.0,3,4,4,2,3,4,1,28.0,Sedang
2026/07/01 05:17:51 PM GMT+7,"Maria Nuraini, S.I.Kom",2470629620,2024,Laki - Laki,c. 3 - 5 Jam,c. (11 - 20 kali),b. Siang hari (Istirahat kuliah),a. Instagram,a. Tidak Pernah,3,3,3.0,3,3,2,4,4,3,3,31.0,Tinggi
2026/06/26 07:18:00 AM GMT+7,Fathonah Latupono,2431032417,2024,Perempuan,c. 3 - 5 Jam,b. (5 - 10 kali),d. Tengah malam (Begadang),a. Instagram,b. Jarang,2,3,1.0,4,3,3,3,3,4,3,29.0,Sedang
2026/06/26 06:50:25 AM GMT+7,Tgk. Gambira Novitasari,2458693806,2024,Perempuan,c. 3 - 5 Jam,b. (5 - 10 kali),b. Siang hari (Istirahat kuliah),b. TikTok,d. Selalu,2,3,1.0,2,3,2,2,2,2,3,22.0,Sedang
2026/06/28 10:46:17 PM GMT+7,"Leo Tampubolon, M.Ak",2432061632,2024,Perempuan,c. 3 - 5 Jam,a. (< 5 kali),b. Siang hari (Istirahat kuliah),e. WhatsApp,c. Sering,2,3,3.0,4,1,2,1,4,3,4,27.0,Sedang
2026/06/30 09:18:53 AM GMT+7,Prakosa Iswahyudi,2411914856,2024,Laki - Laki,b. 1-3 jam,b. (5 - 10 kali),d. Tengah malam (Begadang),e. WhatsApp,c. Sering,2,4,4.0,4,1,1,4,4,4,4,32.0,Tinggi
2026/06/29 06:37:13 PM GMT+7,Tira Hasanah,2471324754,2024,Perempuan,b. 1-3 jam,c. (11 - 20 kali),d. Tengah malam (Begadang),d. YouTube,c. Sering,2,2,4.0,3,2,3,1,4,2,4,27.0,Sedang
2026/06/28 03:45:18 AM GMT+7,Kamaria Prayoga,2430307053,2024,Laki - Laki,d. > 5 Jam,b. (5 - 10 kali),d. Tengah malam (Begadang),e. WhatsApp,b. Jarang,2,2,3.0,1,3,4,4,1,2,2,24.0,Sedang
2026/06/30 03:32:27 AM GMT+7,"Drs. Vero Pradipta, S.E.I",2429333346,2024,Laki - Laki,d. > 5 Jam,a. (< 5 kali),b. Siang hari (Istirahat kuliah),b. TikTok,b. Jarang,3,4,3.0,2,1,1,1,3,1,1,20.0,Rendah
2026/06/28 07:43:01 PM GMT+7,Luwar Damanik,2448969108,2024,Perempuan,a. < 1 jam,d. (> 20 kali / Hampir setiap saat),d. Tengah malam (Begadang),a. Instagram,b. Jarang,1,2,4.0,3,3,3,1,1,2,3,23.0,Sedang
2026/06/27 07:59:27 PM GMT+7,Gatra Adriansyah,2496520744,2024,Perempuan,c. 3 - 5 Jam,d. (> 20 kali / Hampir setiap saat),d. Tengah malam (Begadang),d. YouTube,a. Tidak Pernah,2,4,2.0,2,3,2,3,3,4,2,27.0,Sedang
2026/06/27 10:38:24 PM GMT+7,Cinta Hutagalung,2472482513,2024,Laki - Laki,d. > 5 Jam,c. (11 - 20 kali),b. Siang hari (Istirahat kuliah),b. TikTok,b. Jarang,3,4,4.0,1,3,2,4,1,3,1,26.0,Sedang
2026/06/28 11:37:04 AM GMT+7,Gamani Rahimah,2402235697,2024,Laki - Laki,d. > 5 Jam,c. (11 - 20 kali),c. Malam hari (Sebelum tidur),b. TikTok,d. Selalu,3,3,4.0,3,2,1,4,2,2,3,27.0,Sedang
2026/06/28 07:29:05 AM GMT+7,Puji Mandala,2467600835,2024,Perempuan,d. > 5 Jam,d. (> 20 kali / Hampir setiap saat),d. Tengah malam (Begadang),e. WhatsApp,b. Jarang,1,3,1.0,4,4,4,3,3,4,1,28.0,Sedang
2026/06/28 04:22:52 AM GMT+7,Hamima Samosir,2485625753,2024,Laki - Laki,d. > 5 Jam,d. (> 20 kali / Hampir setiap saat),c. Malam hari (Sebelum tidur),e. WhatsApp,d. Selalu,3,3,4.0,3,2,2,3,2,2,4,28.0,Sedang
2026/06/28 02:14:24 AM GMT+7,"Hj. Shania Hassanah, M.Ak",2400167618,2024,Laki - Laki,d. > 5 Jam,c. (11 - 20 kali),b. Siang hari (Istirahat kuliah),e. WhatsApp,c. Sering,3,2,2.0,2,3,2,3,4,4,2,27.0,Sedang
2026/06/28 09:18:18 PM GMT+7,"Hari Suwarno, S.H.",2448356420,2024,Laki - Laki,d. > 5 Jam,d. (> 20 kali / Hampir setiap saat),d. Tengah malam (Begadang),e. WhatsApp,b. Jarang,3,3,4.0,4,1,2,4,2,1,4,28.0,Sedang
2026/06/28 06:40:01 PM GMT+7,"dr. Edison Hidayat, M.Farm",2401204556,2024,Perempuan,c. 3 - 5 Jam,d. (> 20 kali / Hampir setiap saat),c. Malam hari (Sebelum tidur),c. Twitter (X),a. Tidak Pernah,3,2,4.0,2,1,3,2,3,3,1,24.0,Sedang
2026/06/29 03:11:36 PM GMT+7,"Jane Budiman, S.Ked",2476212021,2024,Laki - Laki,b. 1-3 jam,d. (> 20 kali / Hampir setiap saat),d. Tengah malam (Begadang),e. WhatsApp,c. Sering,2,3,2.0,2,1,3,2,3,3,3,24.0,Sedang
2026/06/29 07:36:30 AM GMT+7,Devi Pertiwi,2489935889,2024,Laki - Laki,b. 1-3 jam,c. (11 - 20 kali),c. Malam hari (Sebelum tidur),a. Instagram,c. Sering,1,2,1.0,3,2,3,2,2,1,3,20.0,Rendah
2026/06/28 05:41:09 PM GMT+7,Ir. Ilsa Latupono,2440838663,2024,Laki - Laki,c. 3 - 5 Jam,b. (5 - 10 kali),c. Malam hari (Sebelum tidur),b. TikTok,c. Sering,4,4,3.0,4,4,1,2,2,1,4,29.0,Sedang
2026/06/27 10:42:49 AM GMT+7,Paiman Mangunsong,2475503758,2024,Perempuan,b. 1-3 jam,d. (> 20 kali / Hampir setiap saat),c. Malam hari (Sebelum tidur),b. TikTok,b. Jarang,1,3,4.0,2,2,1,3,3,1,4,24.0,Sedang
2026/06/26 04:10:04 AM GMT+7,Rina Yulianti,2414933163,2024,Laki - Laki,d. > 5 Jam,d. (> 20 kali / Hampir setiap saat),c. Malam hari (Sebelum tidur),b. TikTok,d. Selalu,1,2,2.0,4,2,2,4,4,3,3,27.0,Sedang
2026/06/28 09:25:31 AM GMT+7,Aurora Saputra,2482922169,2024,Laki - Laki,c. 3 - 5 Jam,a. (< 5 kali),d. Tengah malam (Begadang),a. Instagram,a. Tidak Pernah,3,2,4.0,3,2,3,1,1,3,1,23.0,Sedang
2026/06/27 05:10:43 PM GMT+7,"Tgk. Virman Wahyudin, S.Sos",2483339452,2024,Perempuan,b. 1-3 jam,a. (< 5 kali),d. Tengah malam (Begadang),a. Instagram,c. Sering,3,3,4.0,4,2,4,1,2,4,1,28.0,Sedang
2026/07/01 11:50:29 AM GMT+7,Sutan Darmanto,2562003424,2025,Perempuan,c. 3 - 5 Jam,c. (11 - 20 kali),b. Siang hari (Istirahat kuliah),e. WhatsApp,c. Sering,2,2,2.0,2,3,3,1,4,3,2,24.0,Sedang
2026/06/26 06:11:48 PM GMT+7,Gabriella Zulaika,2506665800,2025,Perempuan,c. 3 - 5 Jam,a. (< 5 kali),b. Siang hari (Istirahat kuliah),b. TikTok,b. Jarang,2,4,4.0,2,2,3,1,3,3,1,25.0,Sedang
2026/07/01 10:44:43 PM GMT+7,"H. Pandu Narpati, S.Sos",2581606484,2025,Laki - Laki,b. 1-3 jam,c. (11 - 20 kali),c. Malam hari (Sebelum tidur),a. Instagram,b. Jarang,3,3,3.0,1,2,1,3,4,3,2,25.0,Sedang
2026/06/29 11:42:19 AM GMT+7,Naradi Nababan,2581826886,2025,Laki - Laki,c. 3 - 5 Jam,c. (11 - 20 kali),c. Malam hari (Sebelum tidur),b. TikTok,b. Jarang,1,2,1.0,2,1,3,1,4,1,4,20.0,Rendah
2026/06/27 08:53:47 PM GMT+7,"R.M. Putu Astuti, M.Kom.",2556164840,2025,Perempuan,d. > 5 Jam,b. (5 - 10 kali),b. Siang hari (Istirahat kuliah),b. TikTok,b. Jarang,4,3,4.0,1,4,2,3,3,4,2,30.0,Sedang
2026/06/30 06:28:37 AM GMT+7,"R.M. Wasis Ardianto, M.TI.",2513861207,2025,Perempuan,c. 3 - 5 Jam,c. (11 - 20 kali),c. Malam hari (Sebelum tidur),e. WhatsApp,b. Jarang,1,1,4.0,4,3,4,3,3,4,2,29.0,Sedang
2026/07/01 04:19:28 AM GMT+7,Hj. Elvina Gunawan,2515814491,2025,Laki - Laki,a. < 1 jam,b. (5 - 10 kali),b. Siang hari (Istirahat kuliah),e. WhatsApp,b. Jarang,3,4,2.0,1,4,1,3,1,1,1,21.0,Sedang
2026/06/26 04:55:55 PM GMT+7,Jessica Wijayanti,2582100996,2025,Laki - Laki,a. < 1 jam,c. (11 - 20 kali),b. Siang hari (Istirahat kuliah),c. Twitter (X),c. Sering,2,4,4.0,3,4,2,4,3,2,1,29.0,Sedang
2026/06/27 01:14:55 PM GMT+7,"Hj. Lala Nasyiah, S.IP",2514141397,2025,Perempuan,c. 3 - 5 Jam,d. (> 20 kali / Hampir setiap saat),c. Malam hari (Sebelum tidur),e. WhatsApp,b. Jarang,3,2,4.0,2,2,3,3,2,1,3,25.0,Sedang
2026/06/29 08:06:16 PM GMT+7,Among Haryanti,2564525777,2025,Laki - Laki,c. 3 - 5 Jam,b. (5 - 10 kali),c. Malam hari (Sebelum tidur),a. Instagram,d. Selalu,4,3,4.0,3,1,3,4,3,3,3,31.0,Tinggi
2026/06/27 09:30:41 AM GMT+7,Bagiya Handayani,2593084887,2025,Perempuan,c. 3 - 5 Jam,b. (5 - 10 kali),b. Siang hari (Istirahat kuliah),b. TikTok,d. Selalu,3,2,3.0,4,4,3,2,1,2,2,26.0,Sedang
2026/06/30 01:46:19 PM GMT+7,Balidin Puspasari,2599275037,2025,Laki - Laki,c. 3 - 5 Jam,c. (11 - 20 kali),d. Tengah malam (Begadang),b. TikTok,a. Tidak Pernah,2,1,1.0,3,2,3,2,4,4,2,24.0,Sedang
2026/06/27 10:20:19 AM GMT+7,Harsana Waskita,2566591846,2025,Perempuan,c. 3 - 5 Jam,b. (5 - 10 kali),b. Siang hari (Istirahat kuliah),b. TikTok,a. Tidak Pernah,4,3,1.0,4,4,4,4,3,4,4,35.0,Tinggi
2026/07/01 06:42:04 AM GMT+7,Teguh Adriansyah,2551777392,2025,Perempuan,c. 3 - 5 Jam,c. (11 - 20 kali),c. Malam hari (Sebelum tidur),a. Instagram,b. Jarang,2,1,3.0,3,1,4,3,1,2,1,21.0,Sedang
2026/06/26 06:04:12 AM GMT+7,Panca Nasyidah,2513797723,2025,Perempuan,b. 1-3 jam,d. (> 20 kali / Hampir setiap saat),b. Siang hari (Istirahat kuliah),e. WhatsApp,a. Tidak Pernah,3,4,4.0,4,3,3,3,3,4,1,32.0,Tinggi
2026/06/27 06:29:38 AM GMT+7,Titin Saefullah,2529127990,2025,Perempuan,b. 1-3 jam,d. (> 20 kali / Hampir setiap saat),c. Malam hari (Sebelum tidur),a. Instagram,d. Selalu,2,3,1.0,2,3,4,2,2,3,1,23.0,Sedang
2026/06/28 03:33:53 PM GMT+7,"R. Irnanto Usada, S.E.",2591624731,2025,Laki - Laki,d. > 5 Jam,b. (5 - 10 kali),c. Malam hari (Sebelum tidur),a. Instagram,a. Tidak Pernah,2,3,3.0,2,2,4,3,3,2,3,27.0,Sedang
2026/06/27 02:20:07 PM GMT+7,"Mahfud Adriansyah, S.Farm",2594636887,2025,Laki - Laki,b. 1-3 jam,b. (5 - 10 kali),a. Pagi hari,b. TikTok,a. Tidak Pernah,2,3,1.0,3,4,2,2,3,3,2,25.0,Sedang
2026/06/27 08:11:47 AM GMT+7,Ir. Karya Natsir,2502601279,2025,Laki - Laki,c. 3 - 5 Jam,c. (11 - 20 kali),c. Malam hari (Sebelum tidur),e. WhatsApp,c. Sering,4,4,4.0,2,2,2,2,2,3,3,28.0,Sedang
2026/06/26 11:38:18 AM GMT+7,Ir. Chelsea Setiawan,2509883920,2025,Laki - Laki,b. 1-3 jam,a. (< 5 kali),c. Malam hari (Sebelum tidur),e. WhatsApp,c. Sering,1,2,3.0,3,2,2,3,2,3,4,25.0,Sedang
2026/06/29 07:41:52 PM GMT+7,"Luwar Nashiruddin, S.Gz",2537690426,2025,Laki - Laki,b. 1-3 jam,b. (5 - 10 kali),c. Malam hari (Sebelum tidur),e. WhatsApp,c. Sering,3,2,2.0,3,3,4,3,3,3,2,28.0,Sedang
2026/06/26 12:58:53 PM GMT+7,"Jelita Maryati, S.Psi",2507141633,2025,Perempuan,c. 3 - 5 Jam,c. (11 - 20 kali),d. Tengah malam (Begadang),a. Instagram,b. Jarang,3,2,2.0,4,3,3,3,3,3,3,29.0,Sedang
2026/06/26 05:56:32 AM GMT+7,Tira Kuswandari,2537333433,2025,Laki - Laki,c. 3 - 5 Jam,b. (5 - 10 kali),c. Malam hari (Sebelum tidur),e. WhatsApp,d. Selalu,1,4,2.0,2,3,3,3,4,3,1,26.0,Sedang
2026/06/27 07:25:19 PM GMT+7,"Malik Gunawan, S.T.",2584639208,2025,Perempuan,b. 1-3 jam,b. (5 - 10 kali),d. Tengah malam (Begadang),b. TikTok,a. Tidak Pernah,3,1,2.0,4,2,3,4,4,4,4,31.0,Tinggi
2026/06/29 10:21:14 PM GMT+7,Amelia Dongoran,2534795527,2025,Laki - Laki,c. 3 - 5 Jam,d. (> 20 kali / Hampir setiap saat),c. Malam hari (Sebelum tidur),b. TikTok,c. Sering,2,1,2.0,2,2,2,3,2,4,2,22.0,Sedang
2026/06/26 11:25:39 PM GMT+7,Viman Manullang,2502672885,2025,Perempuan,c. 3 - 5 Jam,b. (5 - 10 kali),d. Tengah malam (Begadang),b. TikTok,a. Tidak Pernah,3,4,4.0,2,3,4,3,4,1,3,31.0,Tinggi
2026/07/01 02:49:08 PM GMT+7,"Luwar Wibowo, M.Ak",2593998245,2025,Laki - Laki,b. 1-3 jam,d. (> 20 kali / Hampir setiap saat),d. Tengah malam (Begadang),e. WhatsApp,a. Tidak Pernah,2,1,1.0,2,1,4,1,4,1,3,20.0,Rendah
2026/06/29 08:36:10 PM GMT+7,Sadina Waskita,2544964759,2025,Laki - Laki,b. 1-3 jam,c. (11 - 20 kali),b. Siang hari (Istirahat kuliah),e. WhatsApp,b. Jarang,3,4,2.0,3,3,3,2,4,4,2,30.0,Sedang
2026/06/28 01:50:14 AM GMT+7,Pangeran Mardhiyah,2592164334,2025,Laki - Laki,c. 3 - 5 Jam,b. (5 - 10 kali),c. Malam hari (Sebelum tidur),e. WhatsApp,c. Sering,4,1,4.0,1,1,1,4,1,3,4,24.0,Sedang
2026/06/28 07:08:50 AM GMT+7,"Cici Namaga, S.I.Kom",2596884578,2025,Laki - Laki,c. 3 - 5 Jam,c. (11 - 20 kali),d. Tengah malam (Begadang),e. WhatsApp,b. Jarang,2,4,3.0,3,3,1,3,2,4,2,27.0,Sedang
2026/06/29 08:41:40 AM GMT+7,Cut Hana Maheswara,2508536866,2025,Laki - Laki,d. > 5 Jam,d. (> 20 kali / Hampir setiap saat),b. Siang hari (Istirahat kuliah),e. WhatsApp,b. Jarang,2,2,2.0,2,2,3,1,4,4,3,25.0,Sedang
2026/07/01 10:48:12 PM GMT+7,R. Farhunnisa Rahayu,2517974973,2025,Laki - Laki,c. 3 - 5 Jam,a. (< 5 kali),c. Malam hari (Sebelum tidur),d. YouTube,b. Jarang,3,2,3.0,3,4,3,3,2,3,4,30.0,Sedang
2026/06/27 02:35:25 AM GMT+7,"Dr. Elvin Prabowo, M.Ak",2520461872,2025,Laki - Laki,d. > 5 Jam,d. (> 20 kali / Hampir setiap saat),b. Siang hari (Istirahat kuliah),e. WhatsApp,a. Tidak Pernah,3,4,4.0,2,4,4,1,4,1,4,31.0,Tinggi
2026/06/26 05:57:10 PM GMT+7,"Zulfa Safitri, S.E.",2520881474,2025,Laki - Laki,d. > 5 Jam,a. (< 5 kali),c. Malam hari (Sebelum tidur),e. WhatsApp,a. Tidak Pernah,3,3,3.0,3,2,3,4,2,3,4,30.0,Sedang
2026/06/30 01:41:20 AM GMT+7,R.M. Mujur Wahyuni,2571950052,2025,Perempuan,d. > 5 Jam,c. (11 - 20 kali),c. Malam hari (Sebelum tidur),d. YouTube,a. Tidak Pernah,1,4,4.0,3,2,4,4,1,3,4,30.0,Sedang
2026/06/29 10:11:59 AM GMT+7,Rahayu Nashiruddin,2539285574,2025,Perempuan,b. 1-3 jam,a. (< 5 kali),c. Malam hari (Sebelum tidur),b. TikTok,c. Sering,1,2,4.0,2,3,1,2,4,3,4,26.0,Sedang
2026/06/29 04:51:48 AM GMT+7,Lamar Waluyo,2586387829,2025,Laki - Laki,c. 3 - 5 Jam,c. (11 - 20 kali),c. Malam hari (Sebelum tidur),a. Instagram,b. Jarang,4,3,3.0,3,4,3,1,4,3,4,32.0,Tinggi
2026/06/27 07:53:07 PM GMT+7,"Dr. Raden Mandala, S.I.Kom",2539103717,2025,Perempuan,c. 3 - 5 Jam,b. (5 - 10 kali),a. Pagi hari,b. TikTok,c. Sering,1,4,3.0,3,4,4,2,1,4,2,28.0,Sedang
2026/06/27 03:44:18 PM GMT+7,"Bala Usada, S.Gz",2583928861,2025,Perempuan,b. 1-3 jam,d. (> 20 kali / Hampir setiap saat),b. Siang hari (Istirahat kuliah),b. TikTok,b. Jarang,1,2,4.0,2,3,1,2,1,3,1,20.0,Rendah
2026/06/29 02:07:50 PM GMT+7,"Makara Prakasa, S.E.",2565939836,2025,Perempuan,a. < 1 jam,c. (11 - 20 kali),a. Pagi hari,b. TikTok,c. Sering,1,1,4.0,4,1,4,3,3,1,3,25.0,Sedang
2026/06/26 06:57:55 PM GMT+7,Wira Lestari,2588992107,2025,Laki - Laki,c. 3 - 5 Jam,b. (5 - 10 kali),d. Tengah malam (Begadang),e. WhatsApp,a. Tidak Pernah,3,2,1.0,2,2,2,4,2,2,4,24.0,Sedang
2026/07/01 08:15:11 AM GMT+7,"Drs. Parman Anggriawan, M.Pd",2509610556,2025,Laki - Laki,d. > 5 Jam,a. (< 5 kali),c. Malam hari (Sebelum tidur),a. Instagram,a. Tidak Pernah,3,4,4.0,3,4,4,4,4,4,3,37.0,Tinggi
2026/06/26 03:27:42 PM GMT+7,Ir. Jane Januar,2599813646,2025,Laki - Laki,c. 3 - 5 Jam,b. (5 - 10 kali),b. Siang hari (Istirahat kuliah),b. TikTok,b. Jarang,2,2,2.0,2,3,3,3,4,3,1,25.0,Sedang
2026/06/27 08:41:26 PM GMT+7,"Maimunah Nasyiah, S.Gz",2546591166,2025,Laki - Laki,c. 3 - 5 Jam,c. (11 - 20 kali),d. Tengah malam (Begadang),c. Twitter (X),b. Jarang,2,4,2.0,2,3,2,4,2,4,2,27.0,Sedang
2026/07/02 12:09:27 AM GMT+7,Ratih Rahimah,2539240514,2025,Laki - Laki,c. 3 - 5 Jam,c. (11 - 20 kali),d. Tengah malam (Begadang),e. WhatsApp,c. Sering,3,2,2.0,3,2,3,1,2,4,3,25.0,Sedang
